Audio,Duration (s),Truth,PhoWhisper Pred,Nano Pred,Pho_WER,Pho_CER,Pho_Time(s),Nano_WER,Nano_CER,Nano_Time(s)
VIVOS_0_1_Hybrid_Interrupted_Meeting.wav,3.0,khách sạn,phát sản,ภาษา,1.0,0.4444444444444444,6.2298972606658936,1.0,1.0,1.5156350135803223
VIVOS_0_2_Large_Boardroom_Farfield.wav,3.0,khách sạn,khách sạn,hasta,0.0,0.0,1.7343642711639404,1.0,0.7777777777777778,0.5987496376037598
VIVOS_0_3_Crowded_Lively_Meeting.wav,3.0,khách sạn,khách sạn,ภาษา,0.0,0.0,2.2297351360321045,1.0,1.0,0.6766552925109863
VIVOS_0_4_Online_Meeting_Poor_Mic.wav,3.0,khách sạn,khách sạn,박사,0.0,0.0,1.8632872104644775,1.0,1.0,0.5846445560455322
VIVOS_0_5_Fast_Speaker_Pacing_Around.wav,2.4768125,khách sạn,đặt tên là lịch sử dự bị kỳ định buộc,apa yang nak diberikan,5.0,3.5555555555555554,3.3091628551483154,2.0,2.2222222222222223,1.6426997184753418
VIVOS_1_1_Hybrid_Interrupted_Meeting.wav,4.9375,chỉ bằng cách luôn nỗ lực thì cuối cùng bạn mới được đền đáp,chỉ bằng cách luôn nỗ lực để vô duyên bạn thật tiền đáp,chỉ bằng cách ôn nỗ lực thì vô tình bạn sẽ tìm ra,0.42857142857142855,0.35,2.9477827548980713,0.5,0.38333333333333336,0.959235429763794
VIVOS_1_2_Large_Boardroom_Farfield.wav,4.9375,chỉ bằng cách luôn nỗ lực thì cuối cùng bạn mới được đền đáp,có thể đã thêm cái ý kiến cho cô nàng trước khi trở về chương trình,what about that,1.1428571428571428,0.8666666666666667,2.7789857387542725,1.0,0.9,0.36893177032470703
VIVOS_1_3_Crowded_Lively_Meeting.wav,4.9375,chỉ bằng cách luôn nỗ lực thì cuối cùng bạn mới được đền đáp,chỉ bằng cách luôn nỗ lực thì cuối cùng bạn mới được đền đáp,chỉ bằng cách lô nỗ lực thì cuối cùng bạn mới được đền đáp,0.0,0.0,2.446376085281372,0.07142857142857142,0.03333333333333333,1.289863109588623
VIVOS_1_4_Online_Meeting_Poor_Mic.wav,4.9375,chỉ bằng cách luôn nỗ lực thì cuối cùng bạn mới được đền đáp,chỉ bằng cách luôn nỗ lực thì cuối cùng bạn mới được đền đáp,chỉ bằng cách luôn nỗ lực thì cuối cùng bạn mới được đền đáp,0.0,0.0,2.5706241130828857,0.0,0.0,1.0377099514007568
VIVOS_1_5_Fast_Speaker_Pacing_Around.wav,3.858,chỉ bằng cách luôn nỗ lực thì cuối cùng bạn mới được đền đáp,chỉ bằng cách mô nóng ở phía cuối của bạn mới được đền đáp,chỉ khoảng cách vô đó là kỳ cuối của bạn mới được đền đáp,0.35714285714285715,0.23333333333333334,2.5393993854522705,0.42857142857142855,0.2833333333333333,0.9701108932495117
VIVOS_2_1_Hybrid_Interrupted_Meeting.wav,4.34375,trong số các quốc gia công nghiệp phát triển,những quốc gia công nghiệp phát triển,trước đây con người phát triển,0.3333333333333333,0.22727272727272727,3.635711669921875,0.7777777777777778,0.5227272727272727,0.7809586524963379
VIVOS_2_2_Large_Boardroom_Farfield.wav,4.34375,trong số các quốc gia công nghiệp phát triển,trong số các quốc gia công nghiệp phát triển,trong số các quốc gia công nghiệp phát triển,0.0,0.0,2.8554437160491943,0.0,0.0,0.6772608757019043
VIVOS_2_3_Crowded_Lively_Meeting.wav,4.34375,trong số các quốc gia công nghiệp phát triển,trong số các quốc gia công nghiệp phát triển,trong số các quốc gia công nghiệp phát triển,0.0,0.0,2.2589447498321533,0.0,0.0,0.6746647357940674
VIVOS_2_4_Online_Meeting_Poor_Mic.wav,4.34375,trong số các quốc gia công nghiệp phát triển,trong số các thất bại đang phát triển,着咗间屋,0.4444444444444444,0.36363636363636365,2.1443657875061035,1.0,1.0,0.5509786605834961
VIVOS_2_5_Fast_Speaker_Pacing_Around.wav,3.4168125,trong số các quốc gia công nghiệp phát triển,thọ xuống ca quốc tế mâu thuẫn phát triển,sao số ca quốc tế không bị phát triển,0.6666666666666666,0.5,2.3641250133514404,0.5555555555555556,0.38636363636363635,0.8874354362487793
VIVOS_3_1_Hybrid_Interrupted_Meeting.wav,4.96875,anh đã nhìn thấy trong những lải nhải dông dài của nhu,anh đã nhìn thấy trong những lẻ trưởng thành phố phú,anh đã nhìn thấy trong những lành,0.5,0.3333333333333333,2.7511134147644043,0.5,0.3888888888888889,0.6042051315307617
VIVOS_3_2_Large_Boardroom_Farfield.wav,4.96875,anh đã nhìn thấy trong những lải nhải dông dài của nhu,anh đã nhìn thấy trong những lải nhải dông dài của nhu,anh đã nhìn thấy trong những loại nhảy rông rành của nhu,0.0,0.0,2.327045440673828,0.3333333333333333,0.12962962962962962,0.954432487487793
VIVOS_3_3_Crowded_Lively_Meeting.wav,4.96875,anh đã nhìn thấy trong những lải nhải dông dài của nhu,anh đã nhìn thấy trong những loại nhãi rong dài cùng với khu vực này,anh đã nhìn thấy trong những loại nhảy dân dài của một vùng núi,0.6666666666666666,0.3888888888888889,2.9208340644836426,0.5,0.2962962962962963,0.948878288269043
VIVOS_3_4_Online_Meeting_Poor_Mic.wav,4.96875,anh đã nhìn thấy trong những lải nhải dông dài của nhu,ngày nay thị trường mỹ đã tính toàn thị trường dân gian khu vực đô thị,ฉนไดรสกถงความลบทหมายถงเรองราวของเธอได,1.25,0.9074074074074074,3.3415989875793457,1.0,1.0,1.6434345245361328
VIVOS_3_5_Fast_Speaker_Pacing_Around.wav,3.466125,anh đã nhìn thấy trong những lải nhải dông dài của nhu,nhiều người đang nhìn thấy trong những bài nhảy gương dài hội thu,em đã nhìn thấy trong miêu tả nhà anh đơn giản khổ nôn,0.6666666666666666,0.42592592592592593,2.664790153503418,0.75,0.5,0.9670312404632568
VIVOS_4_1_Hybrid_Interrupted_Meeting.wav,3.25,khủng hoảng môi trường cần được ngăn chặn,khủng hoảng môi trường cần được ngăn chặn,khủng hoảng môi trường cần được ngăn chặn,0.0,0.0,2.240189790725708,0.0,0.0,0.7184281349182129
VIVOS_4_2_Large_Boardroom_Farfield.wav,3.25,khủng hoảng môi trường cần được ngăn chặn,khủng hoảng môi trường cần được ngăn chặn,khủng hoảng môi trường cần được ngăn chặn,0.0,0.0,2.1698741912841797,0.0,0.0,0.8709478378295898
VIVOS_4_3_Crowded_Lively_Meeting.wav,3.25,khủng hoảng môi trường cần được ngăn chặn,khủng hoảng môi trường cần được ngăn chặn,khủng hoảng môi trường cần được ngăn chặn,0.0,0.0,2.222524642944336,0.0,0.0,0.6917445659637451
VIVOS_4_4_Online_Meeting_Poor_Mic.wav,3.25,khủng hoảng môi trường cần được ngăn chặn,khủng hoảng môi trường cần được ngăn chặn,khủng hoảng môi trường cần được ngăn chặn,0.0,0.0,2.1889803409576416,0.0,0.0,0.697718620300293
VIVOS_4_5_Fast_Speaker_Pacing_Around.wav,2.44625,khủng hoảng môi trường cần được ngăn chặn,khủng hoảng bôi xuống gần gũi ngăn chặn,không ai vui trong kênh noel khác,0.5,0.24390243902439024,2.2926361560821533,1.0,0.5609756097560976,1.889801025390625
VIVOS_5_1_Hybrid_Interrupted_Meeting.wav,4.5,trông thấy tàu cá đằng xa anh đã ấn còi cảnh báo,trông thấy tàu cá đằng xa anh đã ấn cảnh báo,trông thấy tàu cá đằng xa anh đã ấn vào cảnh báo,0.08333333333333333,0.08333333333333333,6.2385876178741455,0.08333333333333333,0.0625,2.6180593967437744
VIVOS_5_2_Large_Boardroom_Farfield.wav,4.5,trông thấy tàu cá đằng xa anh đã ấn còi cảnh báo,cho thấy tàu cá đằng xa anh đang ấn khỏi ngành báo,cho thấy tàu cá đằng xa anh đã ấn còi cảnh cáo,0.3333333333333333,0.2916666666666667,2.4355874061584473,0.16666666666666666,0.125,1.041254997253418
VIVOS_5_3_Crowded_Lively_Meeting.wav,4.5,trông thấy tàu cá đằng xa anh đã ấn còi cảnh báo,trông thấy tàu cá đằng xa anh đã ấn còi cảnh báo,trông thấy tàu cá đằng xa anh đã ấn còi cảnh báo,0.0,0.0,2.51365065574646,0.0,0.0,1.409444808959961
VIVOS_5_4_Online_Meeting_Poor_Mic.wav,4.5,trông thấy tàu cá đằng xa anh đã ấn còi cảnh báo,sự oanh thương trong thời cầu xá lắm ba anh ta vẫn còn đóng,สวยทสดเจาชายสายแววทงใตและรบสายตา,1.1666666666666667,0.7916666666666666,2.8202381134033203,1.0,1.0,1.250117540359497
VIVOS_5_5_Fast_Speaker_Pacing_Around.wav,3.411875,trông thấy tàu cá đằng xa anh đã ấn còi cảnh báo,trông thấy tàu cá hầm xa anh đã ấn vào ghẻ cáo,trong thấy thầu cá đằng xa anh đã ấn vào ngày báo,0.3333333333333333,0.25,2.5131044387817383,0.3333333333333333,0.20833333333333334,1.035996675491333
VIVOS_6_1_Hybrid_Interrupted_Meeting.wav,5.21875,mấy sào ruộng của gia đình ông đành bỏ hoang cho cỏ mọc,bánh táo bộ của gia đình ông đành bó hoang theo cỏ màu đỏ,mấy sao bụng của gia đình ông đầy máu hay cho cỏ máu,0.5384615384615384,0.32727272727272727,2.6819980144500732,0.46153846153846156,0.2727272727272727,1.012704610824585
VIVOS_6_2_Large_Boardroom_Farfield.wav,5.21875,mấy sào ruộng của gia đình ông đành bỏ hoang cho cỏ mọc,mấy sào ruộng của gia đình ông đành bỏ hoang cho cỏ mọc,mấy trà ruộng của gia đình ông đành bỏ hoang cho cỏ mầm,0.0,0.0,2.638263702392578,0.15384615384615385,0.09090909090909091,1.3873283863067627
VIVOS_6_3_Crowded_Lively_Meeting.wav,5.21875,mấy sào ruộng của gia đình ông đành bỏ hoang cho cỏ mọc,máy xào ruộng của gia đình ông đành bỏ hanh cho cỏ mọc,mấy sào ruộng của gia đình ông đành bỏ hoang cho cỏ mộng,0.23076923076923078,0.07272727272727272,2.5284907817840576,0.07692307692307693,0.05454545454545454,1.1469924449920654
VIVOS_6_4_Online_Meeting_Poor_Mic.wav,5.21875,mấy sào ruộng của gia đình ông đành bỏ hoang cho cỏ mọc,máy sào ruộng của gia đình ông đành báo mạng bỏng lỏng,mấy tàu ngựa của gia đình ông đành bỏ hoang,0.46153846153846156,0.2727272727272727,2.5813686847686768,0.38461538461538464,0.32727272727272727,0.8622701168060303
VIVOS_6_5_Fast_Speaker_Pacing_Around.wav,3.7731875,mấy sào ruộng của gia đình ông đành bỏ hoang cho cỏ mọc,ngay xã hội của gia đình ông cày tó hoan trong học,vậy thảo ruột của gia đình ông này bảo vậy cháu bảo học,0.6923076923076923,0.4,2.4278151988983154,0.6923076923076923,0.41818181818181815,1.3249499797821045
VIVOS_7_1_Hybrid_Interrupted_Meeting.wav,3.3125,có đêm gặp phải heo nọc nó rượt,có đêm gặp phải heo nọc nó được,có đêm gặp phải heo nọ nó được,0.125,0.06451612903225806,2.125699281692505,0.25,0.0967741935483871,0.7755663394927979
VIVOS_7_2_Large_Boardroom_Farfield.wav,3.3125,có đêm gặp phải heo nọc nó rượt,có đêm gặp phải heo thỏm no được,có đêm gặp phải heo non non lợn,0.375,0.22580645161290322,2.434368848800659,0.375,0.22580645161290322,0.778907299041748
VIVOS_7_3_Crowded_Lively_Meeting.wav,3.3125,có đêm gặp phải heo nọc nó rượt,có đêm gặp phải heo nọc nó rồi,có đem gặp phải heo nọc nó được,0.125,0.0967741935483871,2.0985910892486572,0.25,0.0967741935483871,0.7080955505371094
VIVOS_7_4_Online_Meeting_Poor_Mic.wav,3.3125,có đêm gặp phải heo nọc nó rượt,có đêm gặp mẹ heo nọc nó được,có đem heo nọ nó rượt,0.25,0.1935483870967742,2.1838297843933105,0.5,0.3548387096774194,0.8577752113342285
VIVOS_7_5_Fast_Speaker_Pacing_Around.wav,2.6771875,có đêm gặp phải heo nọc nó rượt,có đến bậc thầy theo dòng nỗ lực,có đây là phải theo vòng máu được,0.875,0.5806451612903226,2.214838743209839,0.75,0.4838709677419355,0.675086498260498
VIVOS_8_1_Hybrid_Interrupted_Meeting.wav,4.6875,các bàn học nhỏ hằng ngày nay trở thành bàn thờ của các cháu,các bàn học nhỏ hằng ngày nay trở thành bàn thờ của các cháu,các bạn học nhỏ hàng ngày nay trở thành bàn thờ của các cháu,0.0,0.0,2.6368215084075928,0.14285714285714285,0.03333333333333333,0.9439153671264648
VIVOS_8_2_Large_Boardroom_Farfield.wav,4.6875,các bàn học nhỏ hằng ngày nay trở thành bàn thờ của các cháu,các bàn học nhỏ hằng ngày nay trở thành bàn thờ của các cháu,các bạn hoặc nhỏ hàng ngày nay trở thành bàn thờ của các cháu,0.0,0.0,2.632263422012329,0.21428571428571427,0.06666666666666667,1.0565845966339111
VIVOS_8_3_Crowded_Lively_Meeting.wav,4.6875,các bàn học nhỏ hằng ngày nay trở thành bàn thờ của các cháu,dạ thưa bà nội trợ lúc này xin chào bà nội trợ lúc này xin chào bà nội trợ lúc này,아,1.5,0.9333333333333333,3.7574405670166016,1.0,1.0,0.31169652938842773
VIVOS_8_4_Online_Meeting_Poor_Mic.wav,4.6875,các bàn học nhỏ hằng ngày nay trở thành bàn thờ của các cháu,các bàn học nhỏ hằng ngày nay trở thành bàn thờ của các cháu,các bạn học nhỏ hàng ngày nay trở thành bàn thờ của các cháu,0.0,0.0,2.580949306488037,0.14285714285714285,0.03333333333333333,0.939924955368042
VIVOS_8_5_Fast_Speaker_Pacing_Around.wav,3.7475,các bàn học nhỏ hằng ngày nay trở thành bàn thờ của các cháu,các bàn thủ nhỏ hằng ngày đang trở thành bàn thầu của các chồng,该饭团要喊来该烧菜该烫锅该炒,0.2857142857142857,0.18333333333333332,2.677736759185791,1.0,1.0,0.9976048469543457
VIVOS_9_1_Hybrid_Interrupted_Meeting.wav,5.375,cha mẹ tôi thường chì chiết nhau bằng những lời lẽ khó nghe,cha mẹ tôi thường xì xét nhau bằng những lời lẽ hay nghĩa,cha mẹ tôi thường chia sẻ với nhau bằng những lời lẽ cao ngay,0.3076923076923077,0.1864406779661017,2.677147388458252,0.38461538461538464,0.22033898305084745,1.3642864227294922
VIVOS_9_2_Large_Boardroom_Farfield.wav,5.375,cha mẹ tôi thường chì chiết nhau bằng những lời lẽ khó nghe,cha mẹ tôi thường tự chết nhau bằng những lời lẽ khó nghe,cha mẹ tôi thường chịu trước nhau bằng những lời lẽ khó nghe,0.15384615384615385,0.06779661016949153,2.6852121353149414,0.15384615384615385,0.11864406779661017,0.8990018367767334
VIVOS_9_3_Crowded_Lively_Meeting.wav,5.375,cha mẹ tôi thường chì chiết nhau bằng những lời lẽ khó nghe,mẹ truy bích kí cực ra trên sân bay tiếp xúc nghe lời lẽ ồ ồ ồ ồ ồ,mit du bist klüge,1.3076923076923077,0.7796610169491526,4.313292026519775,1.0,0.7966101694915254,0.47353529930114746
VIVOS_9_4_Online_Meeting_Poor_Mic.wav,5.375,cha mẹ tôi thường chì chiết nhau bằng những lời lẽ khó nghe,tôi xin phương vương trả lời họ cha mẹ giết nhau,xia mei,0.9230769230769231,0.7457627118644068,2.3140954971313477,1.0,0.9322033898305084,0.49037957191467285
VIVOS_9_5_Fast_Speaker_Pacing_Around.wav,4.2223125,cha mẹ tôi thường chì chiết nhau bằng những lời lẽ khó nghe,cha mẹ tôi cùng chị chết nhau bằng những lời lẽ khó ghi,cha mẹ tôi thường chỉ trích nhau bằng những lời lẽ khó khăn,0.3076923076923077,0.13559322033898305,2.4765491485595703,0.23076923076923078,0.1694915254237288,0.8936078548431396
VLSP2020_0_1_Hybrid_Interrupted_Meeting.wav,8.7,hôn thê hôn phu có nghĩa là chưa có cái giấy hôn thú nếu mà vậy thì kết cục bảo lãnh phải làm coi như là cái người mà được bảo lãnh hoặc phải ở nước ngoài con cái họ không,hôn thê hôn vua có nghĩa là chưa có cái nghề giải phóng như vậy nên chỉ thuyết phục bảo lãnh phế lạc coi như là kỳ vọng được coi là họ phải ở nước ngoài,ông khuân cũng nghĩ là chưa có cái giải thưởng cũ đúng không vậy đó là những cái cuộc mở lệnh phải làm coi như là bây giờ là người được ban lãnh đạo ở nước ngoài họ không có,0.5365853658536586,0.4093567251461988,5.15035080909729,0.6829268292682927,0.49707602339181284,2.467276096343994
VLSP2020_0_2_Large_Boardroom_Farfield.wav,8.7,hôn thê hôn phu có nghĩa là chưa có cái giấy hôn thú nếu mà vậy thì kết cục bảo lãnh phải làm coi như là cái người mà được bảo lãnh hoặc phải ở nước ngoài con cái họ không,có lẽ anh xin hộp ba làm thế lắm bởi như thế rồi bây giờ anh xin hộp ba đừng quài,có thể không,0.9512195121951219,0.7543859649122807,4.401282787322998,0.9512195121951219,0.935672514619883,0.4626789093017578
VLSP2020_0_3_Crowded_Lively_Meeting.wav,8.7,hôn thê hôn phu có nghĩa là chưa có cái giấy hôn thú nếu mà vậy thì kết cục bảo lãnh phải làm coi như là cái người mà được bảo lãnh hoặc phải ở nước ngoài con cái họ không,hôn thê hôn phu có nghĩa là chưa có giấy hôn thú nếu mà vậy thì cái cuộc bảo lãnh phải làm coi như là cái người mà được bảo lãnh hoặc bà nước ngoài,hôn thê hôn phu có nghĩa là chưa có giấy hôn thú nếu mà vậy thì cái cuộc mở lệnh phải làm coi như là cái người mà được mở lệnh họ phải ở nước ngoài họ không có,0.21951219512195122,0.1871345029239766,5.454017162322998,0.2682926829268293,0.18128654970760233,2.528132677078247
VLSP2020_0_4_Online_Meeting_Poor_Mic.wav,8.7,hôn thê hôn phu có nghĩa là chưa có cái giấy hôn thú nếu mà vậy thì kết cục bảo lãnh phải làm coi như là cái người mà được bảo lãnh hoặc phải ở nước ngoài con cái họ không,có cái giấy vô cớ nếu mà bà ấy chịu cái cuộc đó thì làm tôi nghĩ là nhiều người sẽ bị trói như thế này,cô biết có cái giấy bấm túi nhưng mà mẹ sẽ chia cùng bà đến đà lạt coi như là cái gì vậy,0.8048780487804879,0.6783625730994152,4.411123991012573,0.8048780487804879,0.7076023391812866,1.483738660812378
VLSP2020_0_5_Fast_Speaker_Pacing_Around.wav,6.5968125,hôn thê hôn phu có nghĩa là chưa có cái giấy hôn thú nếu mà vậy thì kết cục bảo lãnh phải làm coi như là cái người mà được bảo lãnh hoặc phải ở nước ngoài con cái họ không,cô không xuất hiện trong phó thi thể gây hội thu nếu có thể thì cô hãy thực hiện bởi một người đàn bà có vai trò khác nhau,có cái ôm để anh kêu nó đi ra dễ mua luôn đi mua cái thì nó cũng có thể phải làm coi sự yêu thương của anh hoặc là đi mua hàng,0.926829268292683,0.6783625730994152,5.194611072540283,0.8780487804878049,0.6549707602339181,2.7782201766967773
VLSP2020_1_1_Hybrid_Interrupted_Meeting.wav,3.13,theo bà đây là một sự thật đã được thừa nhận rộng rãi,theo bà thì là một sự thật đã được người đến trọn vẹn ấy,theo bạn đây là một sự thật đã được đưa về một loại,0.46153846153846156,0.37735849056603776,2.6218392848968506,0.38461538461538464,0.2830188679245283,0.9172148704528809
VLSP2020_1_2_Large_Boardroom_Farfield.wav,3.13,theo bà đây là một sự thật đã được thừa nhận rộng rãi,các bạn đây là một những phần chính thức đưa nhận trọng tài,các bạn đang làm những phần kết thúc của những câu chuyện,0.6923076923076923,0.5471698113207547,2.6991991996765137,1.0,0.7547169811320755,0.8091554641723633
VLSP2020_1_3_Crowded_Lively_Meeting.wav,3.13,theo bà đây là một sự thật đã được thừa nhận rộng rãi,theo bà đây là một tình hình đã được đồ nhận đồng đại,theo bà đây là một trường hợp phải được thừa nhận rộng rãi,0.38461538461538464,0.3018867924528302,2.3475472927093506,0.23076923076923078,0.24528301886792453,0.9047472476959229
VLSP2020_1_4_Online_Meeting_Poor_Mic.wav,3.13,theo bà đây là một sự thật đã được thừa nhận rộng rãi,theo đà đây là một sự thật đã được người nhật đồng,theo bà đây là một sự thật đã được thừa nhận rồi,0.38461538461538464,0.24528301886792453,2.219475746154785,0.15384615384615385,0.11320754716981132,1.2009539604187012
VLSP2020_1_5_Fast_Speaker_Pacing_Around.wav,2.4265,theo bà đây là một sự thật đã được thừa nhận rộng rãi,theo bà đây là một sự lựa chọn cho những người nhập ngũ này,các bạn hãy làm một sự đoàn kết với người nhận đầu này,0.6153846153846154,0.5094339622641509,2.39389705657959,0.7692307692307693,0.6037735849056604,0.8318228721618652
VLSP2020_2_1_Hybrid_Interrupted_Meeting.wav,6.38,tướng cam pu chia còn yêu cầu thủ tướng sinh ga po phải điều chỉnh phát biểu không đúng sự thật chút nào này theo lời ông,tính campuchia còn yêu cầu thủ tướng singapore phải điều chỉnh phát biểu không đúng sự thật trước hạn giờ đầu,tính trong buổi chiều còn yêu cầu thủ tướng singapore phải điều chỉnh phát biểu không đúng sự thật tiếp theo ở đời đầu,0.48148148148148145,0.24793388429752067,4.126891851425171,0.48148148148148145,0.2892561983471074,1.4183945655822754
VLSP2020_2_2_Large_Boardroom_Farfield.wav,6.38,tướng cam pu chia còn yêu cầu thủ tướng sinh ga po phải điều chỉnh phát biểu không đúng sự thật chút nào này theo lời ông,nghệ sĩ bộ trưởng bộ trưởng tổ quản điện biên phủ nguyễn thị hà nội tại hà nội,저기 저기 저기 저기 저기 저기 저기 저기 저기 저기 저기 저기 저기 저기 저기 저기 저기 저기 저기 저기 저기 저기 저기 저기 저기 저기 저기 저기 저기 저기 저기 저기 저기 저기 저기 저기 저기 저기 저기 저기 저기 저기 저기 저기 저기 저기 저기 저기 저기 저기 저기 저기 저기 저기 저기 저기 저기 저기 저기 저기 저기 저기 저기 저기 저기 저기 저기 저기 저기 저기 저기 저기 저기 저기 저기 저기 저기 저기 저기 저기 저기 저기 저기 저기 저기 저기 저기 저기 저기 저기 저기 저기 저기 저기 저기 저기 저기 저기 저기 저기 저기 저기 저기 저기 저기 저기 저기 저기 저기 저기 저기 저기 저기 저기 저기 저기 저기 저기 저기 저기 저기 저기 저기 저기 저기 저기 저기 저기 저기 저기 저기 저기 저기 저기 저기 저기 저기 저기 저기 저기 저기 저기 저기 저기 저기 저기 저기 저기 저기 저기 저기 저기 저기 저기 저기 저기 저기 저기 저기 저기 저기 저기 저기 저기 저기 저기 저기 저기 저기 저기 저기,1.0,0.6859504132231405,4.847771406173706,6.333333333333333,4.016528925619835,22.639312744140625
VLSP2020_2_3_Crowded_Lively_Meeting.wav,6.38,tướng cam pu chia còn yêu cầu thủ tướng sinh ga po phải điều chỉnh phát biểu không đúng sự thật chút nào này theo lời ông,tướng cam pu chia còn yêu cầu thủ tướng singapore phải điều chỉnh phát biểu không đúng sự thật chút nào hay theo lời ông,tướng campuchia có yêu cầu thủ tướng singapore phải điều chỉnh phát biểu không đúng sự thật trước ngày nay theo lời ông,0.14814814814814814,0.05785123966942149,4.433966159820557,0.37037037037037035,0.14049586776859505,1.4693858623504639
VLSP2020_2_4_Online_Meeting_Poor_Mic.wav,6.38,tướng cam pu chia còn yêu cầu thủ tướng sinh ga po phải điều chỉnh phát biểu không đúng sự thật chút nào này theo lời ông,tướng cam pu chia có yêu cầu thủ tướng sinh ga po phải điều chỉnh phát biểu không đúng sự thành tích hạng lệ hồng,tướng campuchia có yêu cầu thủ tướng singapore phải điều chỉnh phát biểu không đúng sự thật trước mặt đại học,0.2962962962962963,0.19008264462809918,4.380475044250488,0.48148148148148145,0.23140495867768596,1.2929692268371582
VLSP2020_2_5_Fast_Speaker_Pacing_Around.wav,4.6624375,tướng cam pu chia còn yêu cầu thủ tướng sinh ga po phải điều chỉnh phát biểu không đúng sự thật chút nào này theo lời ông,bộ tư lệnh quốc gia có nhu cầu thành viên liên hoan phải điều chỉnh phát biểu không thu hồi chính làng này cho bà con,nơi campuchia hỗn hợp được singapore phải điều khiển phát biểu không đủ sự thật như thế này lời nói,0.7407407407407407,0.4628099173553719,3.728100299835205,0.6666666666666666,0.4132231404958678,1.6442582607269287
VLSP2020_3_1_Hybrid_Interrupted_Meeting.wav,11.27,nó làm người dân mặc dù nhìn thì rất bình thường nhưng mà rất rất là rộn ràng từ từ trên các đường phố và trên mỗi con mỗi con người,nó làm người dân mặc dù nhìn thì rất bình thường nhưng mà rất rất là phổ rộng và tù chứ không được pháo vào trên mỗi con mỗi con người,nó làm người dân mặc dù nhìn thì rất là bình thường nhưng mà rất là rộn ràng chứ đừng có bỏ trang mỗi con mỗi con người,0.2903225806451613,0.16666666666666666,5.112800359725952,0.3225806451612903,0.2196969696969697,1.7719838619232178
VLSP2020_3_2_Large_Boardroom_Farfield.wav,11.27,nó làm người dân mặc dù nhìn thì rất bình thường nhưng mà rất rất là rộn ràng từ từ trên các đường phố và trên mỗi con mỗi con người,nó làm người dân mặc dù nhìn thì trứng bình thường nhưng mà thích thích là trộn tràng từ trên các đường phố và trên mỗi con mỗi con đường,nó là người dân mặc dù nhìn rất bình thường nhưng mà rất rất là rộn ràng từ trên các đường phố và trên mỗi con đường,0.22580645161290322,0.17424242424242425,5.382437705993652,0.1935483870967742,0.14393939393939395,1.7448647022247314
VLSP2020_3_3_Crowded_Lively_Meeting.wav,11.27,nó làm người dân mặc dù nhìn thì rất bình thường nhưng mà rất rất là rộn ràng từ từ trên các đường phố và trên mỗi con mỗi con người,nó làm nhiều doanh nghiệp và nguyên doanh nghiệp trong danh mạng thất bại đội gạch có phần điều tiết tắt được số phận em mỗi con mỗi con người,ờ nó là người dân ở đây người dân ở trên người dân ở trên người dân ở trên thích là được là người dân ở trên từ từ từ từ từ từ cái cách nghiên cứu của bạn ấy mỗi con mỗi con là,0.7741935483870968,0.6212121212121212,5.041621208190918,1.1290322580645162,0.803030303030303,2.758389949798584
VLSP2020_3_4_Online_Meeting_Poor_Mic.wav,11.27,nó làm người dân mặc dù nhìn thì rất bình thường nhưng mà rất rất là rộn ràng từ từ trên các đường phố và trên mỗi con mỗi con người,nó làm người dân mặc dù nhìn thi chốt bình thường nhưng mà rất rất là tồn tại tại từ từ từ từ từ các ngành,nó là người dân nông thôn miền trung thì bình thường nhưng mà rất là rộn ràng,0.5161290322580645,0.3712121212121212,5.0528175830841064,0.6451612903225806,0.5909090909090909,1.3424737453460693
VLSP2020_3_5_Fast_Speaker_Pacing_Around.wav,8.3713125,nó làm người dân mặc dù nhìn thì rất bình thường nhưng mà rất rất là rộn ràng từ từ trên các đường phố và trên mỗi con mỗi con người,người đến mua nguyên liệu ô ti vi và smurfs đã cùng thiết kế đường phố ở đêm mỗi con mỗi con người,à nó làm người dân cũng ngon hơn ví dụ nó làm có cái mặt nạ và thường là điều từ cái đất nước phố và cho nên mỗi con mỗi con người,0.7419354838709677,0.5227272727272727,4.0339109897613525,0.6774193548387096,0.49242424242424243,2.130930185317993
VLSP2020_4_1_Hybrid_Interrupted_Meeting.wav,6.14,bây giờ mình nói từ thẻ xanh hai năm tới thẻ xanh vĩnh viễn minh đang ờ nói về thẻ xanh nhưng mà có quá nhiều câu hỏi,đừng nói đâm vào bản thân vì thất bại chứ đâm vào bản thân vì thất bại chứ,dừng nói từ từ,0.9642857142857143,0.717948717948718,4.091428518295288,0.9285714285714286,0.9145299145299145,0.47962355613708496
VLSP2020_4_2_Large_Boardroom_Farfield.wav,6.14,bây giờ mình nói từ thẻ xanh hai năm tới thẻ xanh vĩnh viễn minh đang ờ nói về thẻ xanh nhưng mà có quá nhiều câu hỏi,bây giờ mình nói từ thẻ xanh hai năm đến thẻ xanh bệnh viện ờ mình đang ờ nói về thẻ xanh mình còn có quá nhiều câu hỏi,bây giờ mình nói từ thẻ xanh hai mươi lăm tới thẻ xanh việt nam mình đang nói về thẻ xanh nên mình không quá nhiều câu hỏi,0.25,0.13675213675213677,4.384875059127808,0.32142857142857145,0.23076923076923078,1.7588002681732178
VLSP2020_4_3_Crowded_Lively_Meeting.wav,6.14,bây giờ mình nói từ thẻ xanh hai năm tới thẻ xanh vĩnh viễn minh đang ờ nói về thẻ xanh nhưng mà có quá nhiều câu hỏi,bây giờ mình nói tin giấy xách hai năm tới giấy xách một miếng nói dạy xách nhưng mà không hát gì con ấy,bây giờ mình nói tên nghĩa là sao hai năm tới sẽ là một điểm gì nói về nghĩa sao nhưng mà có phải những câu hỏi,0.6428571428571429,0.4700854700854701,3.881152629852295,0.5357142857142857,0.4188034188034188,2.368818759918213
VLSP2020_4_4_Online_Meeting_Poor_Mic.wav,6.14,bây giờ mình nói từ thẻ xanh hai năm tới thẻ xanh vĩnh viễn minh đang ờ nói về thẻ xanh nhưng mà có quá nhiều câu hỏi,bây giờ mình nói từ hai năm tới hiện tại ông đang có mối lo gây tranh luận như thế này,bây giờ mình mới tới cái khu hai trăm tới trễ để chuẩn bị cho một tấm bao cao hơn,0.6785714285714286,0.5128205128205128,3.9740121364593506,0.8214285714285714,0.6239316239316239,1.3074016571044922
VLSP2020_4_5_Fast_Speaker_Pacing_Around.wav,4.855875,bây giờ mình nói từ thẻ xanh hai năm tới thẻ xanh vĩnh viễn minh đang ờ nói về thẻ xanh nhưng mà có quá nhiều câu hỏi,bức nhìn mấy đường về sông cửu long tuyệt đẹp nhưng cao to lớn hơn các cửa gói,bukan hanya di sekeliling tapi juga di luar,1.0,0.717948717948718,3.401585340499878,1.0,0.8034188034188035,1.0108816623687744
VLSP2020_5_1_Hybrid_Interrupted_Meeting.wav,9.46,mọi người đã thử các kiểu ăn kiêng và luyện tập khác nhau mà không hiệu quả họ thấy nếch kịt như một cách để thấy được sự rõ ràng hơn về những gì đang thay đổi trên cơ thể của họ,mọi người đã thử các kiểu và lướt tay khác nhau mà không hiệu quả họ thay thế tiểu như một cách để nhận sự sáng sàng hơn về những gì đã có,mọi người đã thử các kiểu và lượng thức khác nhau mà không hiệu quả hoặc thầy tiếp tục như một cách để giúp sự sẵn sàng hơn về miễn dịch,0.4523809523809524,0.3651685393258427,5.060308933258057,0.5238095238095238,0.42696629213483145,1.7851760387420654
VLSP2020_5_2_Large_Boardroom_Farfield.wav,9.46,mọi người đã thử các kiểu ăn kiêng và luyện tập khác nhau mà không hiệu quả họ thấy nếch kịt như một cách để thấy được sự rõ ràng hơn về những gì đang thay đổi trên cơ thể của họ,vậy thì các nội các tiểu thương tiên và nước cải khác nhau mà công lập đoàn cảnh sát thành đã thậm chí lấy mắt thuộc phương án đại diện của mỹ thì đang thay đổi nhau theo hệ thống khác nhau,mọi người đã từng phát biểu trên truyền cảm xúc và coi là mọi tình yêu của mình đã phải luôn được yêu một cách tổ chức với sự trân trọng tôn trọng những gì đã thay đổi trên cuộc đời của mình,0.8333333333333334,0.651685393258427,6.450969934463501,0.7380952380952381,0.550561797752809,2.940836191177368
VLSP2020_5_3_Crowded_Lively_Meeting.wav,9.46,mọi người đã thử các kiểu ăn kiêng và luyện tập khác nhau mà không hiệu quả họ thấy nếch kịt như một cách để thấy được sự rõ ràng hơn về những gì đang thay đổi trên cơ thể của họ,mọi người đã thử các kiểu ăn kiêng và luyện tập khác nhau mà không hiệu quả họ thấy naked như một cách để thấy được sự rõ ràng hơn về những gì đang thay đổi trên cơ thể của họ,mọi người đã thử các kiểu ăn kiêng và luyện tập khác nhau mà không hiệu quả hoặc thấy nick như một nữ để thấy được sự rõ ràng hơn về những gì đang thay đổi trên cơ thể của họ,0.047619047619047616,0.033707865168539325,5.667142152786255,0.09523809523809523,0.06741573033707865,2.2950658798217773
VLSP2020_5_4_Online_Meeting_Poor_Mic.wav,9.46,mọi người đã thử các kiểu ăn kiêng và luyện tập khác nhau mà không hiệu quả họ thấy nếch kịt như một cách để thấy được sự rõ ràng hơn về những gì đang thay đổi trên cơ thể của họ,mọi người đã thử các kiểu ăn kiêng và luyện tập khác nhau mà không hiệu quả như một cách để thấy được sự rõ ràng hơn về những gì đang thay đổi trên thế giới,mọi người đã thử các kiểu ăn kiêng và luyện tập khác nhau mà không hiệu quả cho dù một cách để thấy được sự rõ ràng hơn về những gì đang thay đổi trên thế giới,0.19047619047619047,0.15168539325842698,5.533345699310303,0.21428571428571427,0.15168539325842698,2.3984673023223877
VLSP2020_5_5_Fast_Speaker_Pacing_Around.wav,7.28925,mọi người đã thử các kiểu ăn kiêng và luyện tập khác nhau mà không hiệu quả họ thấy nếch kịt như một cách để thấy được sự rõ ràng hơn về những gì đang thay đổi trên cơ thể của họ,mọi người đã thử các kiểu ăn kiêng và đều cảm giác khác nhau mà không hiệu quả có thấy có hiệu quả như một cách để thấy rõ ràng hơn về những gì đã thay đổi trên cơ thể của họ,mọi người đã sử dụng các kiểu bát kiêng và lưỡi ấm khác nhau mà không hiệu quả sau này đây là nhiều một cách để mình ước xử rõ ràng hơn về những gì đã thay đổi trên cơ thể của họ,0.23809523809523808,0.1797752808988764,5.6632959842681885,0.3333333333333333,0.24719101123595505,3.444196939468384
VLSP2020_6_1_Hybrid_Interrupted_Meeting.wav,13.44,khi chúng tôi về đến đó thì thấy gần tối rồi chúng tôi nghĩ rằng là cần phải có sự an toàn đối với người dân là trên hết hai nữa thì chúng tôi cũng nhận được sự góp ý của anh em linh mục và của bề trên thì chúng tôi quyết định để cho bà con ra về ạ,khi chúng tôi về đó thì thấy gần tối thì chúng tôi nghĩ là cần phải có sự an toàn rồi vì gần là tê giết anh em hùng cũng nhận được sự ủng hộ của anh em và cả nhà làm tê giết nhờ tại con trai nha,thì chúng tôi sẽ đến đó để thấy đợi tối với chúng tôi nhìn thấy là cần phải có sự an toàn đối với người dân và đất nước anh ấy đều có những nhà vệ sinh các bạn có thể thấy là có những cái bộ đồ này bộ đồ này bộ đồ này bộ đồ này bộ đồ này bộ đồ này bộ đồ này bộ đồ này bộ đồ này bộ đồ này bộ đồ này bộ đồ này bộ đồ này bộ đồ này bộ đồ này bộ đồ này bộ đồ này bộ đồ này bộ đồ này bộ đồ này bộ đồ này bộ đồ này bộ đồ này bộ đồ này bộ đồ này bộ đồ này bộ đồ này bộ đồ này bộ đồ này bộ đồ này bộ đồ này bộ đồ này bộ đồ này bộ đồ này bộ đồ này bộ đồ này bộ đồ này bộ đồ này bộ đồ này bộ đồ này bộ đồ này bộ đồ này bộ đồ này bộ đồ này bộ đồ này bộ đồ này bộ đồ này bộ đồ này bộ đồ này bộ đồ này bộ đồ này bộ đồ này bộ đồ này bộ đồ này bộ đồ này bộ đồ này bộ đồ này bộ đồ này bộ đồ này bộ đồ này bộ đồ này bộ đồ này bộ đồ này bộ đồ này bộ đồ này bộ đồ này bộ đồ này bộ đồ này bộ đồ này bộ đồ này bộ đồ này bộ đồ này bộ đồ này bộ đồ này bộ đồ này bộ đồ này bộ đồ này bộ đồ này bộ đồ này bộ đồ này bộ đồ này bộ đồ này bộ đồ này bộ đồ này bộ đồ này bộ đồ này bộ đồ này bộ đồ này bộ đồ này bộ đồ này bộ đồ này bộ đồ này bộ đồ này bộ đồ này bộ đồ này bộ đồ này bộ đồ này bộ đồ này bộ đồ này bộ đồ này bộ đồ này bộ đồ này bộ đồ này bộ đồ này bộ đồ này bộ đồ này bộ đồ này bộ đồ này bộ đồ này bộ đồ này bộ đồ này bộ đồ này bộ đồ này bộ đồ này bộ đồ này bộ,0.5245901639344263,0.375,6.292551040649414,6.098360655737705,4.782258064516129,24.939194202423096
VLSP2020_6_2_Large_Boardroom_Farfield.wav,13.44,khi chúng tôi về đến đó thì thấy gần tối rồi chúng tôi nghĩ rằng là cần phải có sự an toàn đối với người dân là trên hết hai nữa thì chúng tôi cũng nhận được sự góp ý của anh em linh mục và của bề trên thì chúng tôi quyết định để cho bà con ra về ạ,cô gái xinh xắn có thể tin tưởng đến hình ảnh của mình bởi sự kết hợp giữa cuộc đời và cuộc sống,sau đây tôi sẽ giải quyết những vấn đề,0.9508196721311475,0.7782258064516129,4.3312788009643555,0.9672131147540983,0.8870967741935484,0.8155646324157715
VLSP2020_6_3_Crowded_Lively_Meeting.wav,13.44,khi chúng tôi về đến đó thì thấy gần tối rồi chúng tôi nghĩ rằng là cần phải có sự an toàn đối với người dân là trên hết hai nữa thì chúng tôi cũng nhận được sự góp ý của anh em linh mục và của bề trên thì chúng tôi quyết định để cho bà con ra về ạ,nhưng khi chúng tôi về đến đó thì thấy gần tôi chúng tôi nhìn ra ngoài cần thấy có sự an toàn đối với người dân và tiếp theo hai đời thì chúng tôi cứ nhận định từ vọng ý của anh em linh mục và của vệ tinh thì chúng tôi trở về,khi chúng tôi về đến đó thì thấy gần tối rồi chúng tôi nhìn ra ngoài sân thấy có sự an toàn đối với người dân và tinh khách anh ấy thì chúng tôi cũng nhận được sự góp ý của anh em linh mục và chủ của phía trên thì chúng tôi để các bà con ra về,0.4098360655737705,0.3064516129032258,7.67885160446167,0.26229508196721313,0.20161290322580644,3.305107593536377
VLSP2020_6_4_Online_Meeting_Poor_Mic.wav,13.44,khi chúng tôi về đến đó thì thấy gần tối rồi chúng tôi nghĩ rằng là cần phải có sự an toàn đối với người dân là trên hết hai nữa thì chúng tôi cũng nhận được sự góp ý của anh em linh mục và của bề trên thì chúng tôi quyết định để cho bà con ra về ạ,khi chúng tôi biết mỹ anh hoa cần phải có sự an toàn với nền kinh tế khác nên chúng tôi cũng nhận định từ góc ý của anh em quý vị và chủ thế trên chúng tôi cần phải trả lại,khi chúng tôi biết,0.639344262295082,0.4879032258064516,5.921030044555664,0.9508196721311475,0.9274193548387096,0.6718082427978516
VLSP2020_6_5_Fast_Speaker_Pacing_Around.wav,9.9769375,khi chúng tôi về đến đó thì thấy gần tối rồi chúng tôi nghĩ rằng là cần phải có sự an toàn đối với người dân là trên hết hai nữa thì chúng tôi cũng nhận được sự góp ý của anh em linh mục và của bề trên thì chúng tôi quyết định để cho bà con ra về ạ,khi điền tôi gây đau nhẹ trước mỗi người xung quanh chúng ta đẩy cáu chi lão mới nên thấy xe nguyễn văn thị trường có ký quả nên lưu mùi vàng của việt nam này chỉ là lá hoa nhé,nói,0.9344262295081968,0.6693548387096774,6.168417453765869,1.0,0.9879032258064516,0.34908366203308105
VLSP2020_7_1_Hybrid_Interrupted_Meeting.wav,9.9,bà cho biết cuộc đua của bà đang diễn ra gay go vì số phiếu khiếm diện gửi lại không nhiều như trông đợi và bà đang nỗ lực hết sức để huy động nhiều phiếu của cử tri gốc việt nhất có thể,bà cho biết cuộc đua của bà đang diễn ra gay go vì số phiếu khiếp nhiều như trong đợi và bà đang nỗ lực hết sức để huy động nhiều phiếu của cử tri gốc việt nhất có thể,ban cho biết cuộc đua của bà đang diễn ra gay go vì số phiếu khiến nhiều triệu đồng đợi và bà đang nỗ lực hết sức để huy động nhiều phiếu của cử tri gốc việt nhất có thể,0.13636363636363635,0.11290322580645161,5.489723205566406,0.18181818181818182,0.15591397849462366,2.665761947631836
VLSP2020_7_2_Large_Boardroom_Farfield.wav,9.9,bà cho biết cuộc đua của bà đang diễn ra gay go vì số phiếu khiếm diện gửi lại không nhiều như trông đợi và bà đang nỗ lực hết sức để huy động nhiều phiếu của cử tri gốc việt nhất có thể,ngoại trưởng bộ trưởng y tế bộ trưởng đoàn việt nam đã yêu cầu bộ trưởng đoàn việt nam đến dự vàng để hội đồng điều tiết với bộ trưởng nhật có thể,và nhược điểm của nó là đảm nhiệm làm việc với số phiếu kiểm duyệt gửi lại không nhiều như trong đời và bản thân nó đã được nhận đều huy động nhiều kiểu của cơ chế công nghệ nhận có thể,0.9318181818181818,0.6451612903225806,5.5089075565338135,0.6590909090909091,0.43010752688172044,2.2228689193725586
VLSP2020_7_3_Crowded_Lively_Meeting.wav,9.9,bà cho biết cuộc đua của bà đang diễn ra gay go vì số phiếu khiếm diện gửi lại không nhiều như trông đợi và bà đang nỗ lực hết sức để huy động nhiều phiếu của cử tri gốc việt nhất có thể,bà có thể diễn ra gay go vì số phiếu khiến diễn gửi lời không nhiều như trọng đại và bà đang nỗ lực hết sức để huy động nhiều phó thủ tiền góp việc nhất thể,các vụ việc này đã diễn ra gay go vì số phiếu khiến diện lũy não không nhiều như trong đời và bạn đang nỗ lực hết sức để huy động nhiều thứ cho kỳ thi đấu việc nhất của trẻ,0.4318181818181818,0.26344086021505375,6.060298681259155,0.5,0.2849462365591398,2.304333209991455
VLSP2020_7_4_Online_Meeting_Poor_Mic.wav,9.9,bà cho biết cuộc đua của bà đang diễn ra gay go vì số phiếu khiếm diện gửi lại không nhiều như trông đợi và bà đang nỗ lực hết sức để huy động nhiều phiếu của cử tri gốc việt nhất có thể,bà cho biết cuộc đua của bà đang diễn ra gay go vì số phiếu khiếm dịp gửi lại không nhiều như trong đời và bà đang nỗ lực hết sức để huy động nhiều,đang diễn ra ghe gò vì số phiếu khiến diện gửi lại không nhiều như trong đời và đang nỗ lực hết sức để huy động nhiều,0.2727272727272727,0.23118279569892472,4.727954387664795,0.5,0.4032258064516129,1.8602182865142822
VLSP2020_7_5_Fast_Speaker_Pacing_Around.wav,7.198375,bà cho biết cuộc đua của bà đang diễn ra gay go vì số phiếu khiếm diện gửi lại không nhiều như trông đợi và bà đang nỗ lực hết sức để huy động nhiều phiếu của cử tri gốc việt nhất có thể,tuy nhiên quốc đô của bạn đang diễn ra gay go vì số thiếu ký nhịp gửi lại không nhiều người ở đấy và họ đang nỗ lực hết sức để mua đậu nhiều phiếu vô tiền vì việc này có thể,bởi vì cuộc đua của bạn đang diễn ra gay go vì số phiếu hiển thị gửi lại không nhiều như ở đây và bạn đang nói hết sức để huy động nhiều phiếu gửi tiền ổn định để có thể,0.4772727272727273,0.3010752688172043,5.602787256240845,0.38636363636363635,0.27419354838709675,2.209634780883789
VLSP2020_8_1_Hybrid_Interrupted_Meeting.wav,11.34,nếu nấu cơm đảm bảo thì mình cứ lấy gạo nó ngon ngon một chút thì về mình nấu cơm nó ngon nên thì người ta mua thì một lần hai lần ta thấy ngon thì người ta cứ tới người ta mua hoài vậy đó,nếu nấu cơm đảm bảo thì mình cứ lấy gạo nó ngon ngon một chút mình nấu cơm nó ngon nên thì người ta mua thì một lần hai lần ta thấy ngon thì người ta cứ tới người ta mua hoài vậy á,nấu cơm đảm bảo thì mình cứ lấy gạo nó ngon ngon một chút mình nấu cơm nó ngon nên thì người ta mua thì một bàn tay là người ta thấy ngon người ta cứ tới người ta mua hoài vậy á,0.06521739130434782,0.047872340425531915,6.230315446853638,0.1956521739130435,0.14361702127659576,3.2131898403167725
VLSP2020_8_2_Large_Boardroom_Farfield.wav,11.34,nếu nấu cơm đảm bảo thì mình cứ lấy gạo nó ngon ngon một chút thì về mình nấu cơm nó ngon nên thì người ta mua thì một lần hai lần ta thấy ngon thì người ta cứ tới người ta mua hoài vậy đó,nấu cá cơm rào lão thì mình cứ lấy cái gạo nó ngơ ngon một chút vì vì mình nấu cá cơm nó ngon nên thì người ta mua thì một vài hai lần ta thấy ngon người ta cứ tới ta mua vài té,đâu có đơn phương giảm bão thì mình cứ lấy cái gạo đó ăn ngon một chút thì về mình nấu cơm nó ngon lên thì người ta mua thì một vài tháng là người ta thấy ngon người ta sẽ nói người ta mua hoài,0.32608695652173914,0.22340425531914893,6.510028123855591,0.41304347826086957,0.28191489361702127,3.176983118057251
VLSP2020_8_3_Crowded_Lively_Meeting.wav,11.34,nếu nấu cơm đảm bảo thì mình cứ lấy gạo nó ngon ngon một chút thì về mình nấu cơm nó ngon nên thì người ta mua thì một lần hai lần ta thấy ngon thì người ta cứ tới người ta mua hoài vậy đó,nếu muốn nấu cơm đảo tảo thì mình cứ lấy gạo nấu nó ngon ngon một chút vì vì mình nấu cơm nó ngon nên thì người ta mua thì một hai lần cho thấy ngon thôi,nấu cơm đảm bảo thì mình cứ lấy gạo nó ngon ngon một chút thì về mình nấu cơm nó ngon lên thì người ta mua thì sẽ là người ta thấy ngon hơn,0.41304347826086957,0.32978723404255317,6.287110090255737,0.3695652173913043,0.31382978723404253,2.202744483947754
VLSP2020_8_4_Online_Meeting_Poor_Mic.wav,11.34,nếu nấu cơm đảm bảo thì mình cứ lấy gạo nó ngon ngon một chút thì về mình nấu cơm nó ngon nên thì người ta mua thì một lần hai lần ta thấy ngon thì người ta cứ tới người ta mua hoài vậy đó,đấu nấu cơm đảm bảo thì mình cứ lấy gạo đó ngon ngon một chút thì về mình nấu cơm nó ngon nên thì người ta mua người ta cứ tới người ta mua hoài vậy á,nấu cơm đảm bảo thì mình cứ lấy gạo nó ngon ngon một chút về mình nấu cơm nó ngon lên thì người ta cứ tới người ta mua hoài vậy,0.2608695652173913,0.22340425531914893,6.355732440948486,0.34782608695652173,0.32978723404255317,2.0872044563293457
VLSP2020_8_5_Fast_Speaker_Pacing_Around.wav,8.3075,nếu nấu cơm đảm bảo thì mình cứ lấy gạo nó ngon ngon một chút thì về mình nấu cơm nó ngon nên thì người ta mua thì một lần hai lần ta thấy ngon thì người ta cứ tới người ta mua hoài vậy đó,vâng lúa mùa hạ thì tôi nghĩ lúa mùa hạ nó ngon thuốc thì vậy lúa mùa hạ nó ngon thuốc thế thì người ta mua thì một là hai là tôi ưa thích hoặc tôi ưa tới mua vài lẻ,lỗ lớn con nào thì cứ lấy đi áo nó ngon ngon chút tại vì nếu nó no thế thì người ta mua thì một lần hai là tôi lấy hai người ta mua vài lẻ,0.717391304347826,0.5372340425531915,6.709868907928467,0.6086956521739131,0.42021276595744683,2.5557644367218018
VLSP2020_9_1_Hybrid_Interrupted_Meeting.wav,18.55,cuối tháng hai vừa qua nhà chức trách tại khu vực này đã công khai kế hoạch bổ sung thêm những đơn vị cảnh sát đi bộ đi tuần trên những con phố có tỷ lệ tội phạm cao giống như a gai đây là một bước tiến mới nhằm đối phó với tình trạng mất trật tự an ninh và buôn bán ma túy tại đây chị như ý một chủ tiệm trong khu vực cho biết,cuối tháng hai vừa qua nhà chức trách ở khu vực này đã công khai kết luận bổ sung cho vị cảnh sát bộ bình thuận trên những con phố có tỷ lệ tội phạm cao giống như a gà đây là một bước tiến mới nhằm thối phó với tình trạng mất trật tự an ninh đã buôn bán ma tuý đầy chỉ như ý một chủ tiệm trong khu vực cho biết,cuối tháng hai vừa qua nhà chức trách tại khu vực này đã công khai kế hoạch bổ sung quy cảnh sát khu công tuần trên những con phố có tỷ lệ tội phạm cao giống như a gai đây là một bước tiến mới nhằm đối phó với tình trạng mất trật tự an ninh của ba quân mặt ma túy đây chỉ như ý một chủ tiệm trong khu vực cho biết,0.20512820512820512,0.1345565749235474,9.619107961654663,0.16666666666666666,0.12232415902140673,4.9004809856414795
VLSP2020_9_2_Large_Boardroom_Farfield.wav,18.55,cuối tháng hai vừa qua nhà chức trách tại khu vực này đã công khai kế hoạch bổ sung thêm những đơn vị cảnh sát đi bộ đi tuần trên những con phố có tỷ lệ tội phạm cao giống như a gai đây là một bước tiến mới nhằm đối phó với tình trạng mất trật tự an ninh và buôn bán ma túy tại đây chị như ý một chủ tiệm trong khu vực cho biết,cuối tháng hai vừa qua nhà chức trách tại khu vực này đã công khai kế hoạch bổ sung thêm những đơn vị cảnh sát đi bộ mỹ tuần trên những con phố có tỷ lệ tội phạm cao giống như a gai đây là mức tiền mới nhằm đối phó với tình trạng mất trận tự an ninh và buôn bán mang tùy tới đây chỉ như ý một chủ tiệm trong khu vực cho biết,cuối tháng hai vừa qua nhà chức trách tại khu vực này đã công khai kế hoạch bổ sung thêm những đơn vị cảnh sát đi bộ kỹ thuật trên những con thú có tỷ lệ tội phạm cao giống như laga đây là lĩnh vực tiên mới nhằm đối phó với tình trạng mất chân tự an ninh và buôn bán ma túy tại đây chị như ý muốn chủ tiệm trong khu vực cho biết,0.11538461538461539,0.045871559633027525,9.839500427246094,0.1282051282051282,0.0764525993883792,5.094113826751709
VLSP2020_9_3_Crowded_Lively_Meeting.wav,18.55,cuối tháng hai vừa qua nhà chức trách tại khu vực này đã công khai kế hoạch bổ sung thêm những đơn vị cảnh sát đi bộ đi tuần trên những con phố có tỷ lệ tội phạm cao giống như a gai đây là một bước tiến mới nhằm đối phó với tình trạng mất trật tự an ninh và buôn bán ma túy tại đây chị như ý một chủ tiệm trong khu vực cho biết,cuối tháng hai vừa qua nhà chức trách dạy cụ này đã công khai kế hoạch hỗ trợ phục vụ thêm đơn binh cảnh sát tiêu thụ bồ kỳ vật nhằm đối phó với tình trạng mất trật tự an ninh và muôn bàn mang bị đẩy chỉ như ý bước chuẩn kiệm trong khu vực cho biết,cuối tháng hai vừa qua nhà chức trách tại thời điểm này đã công khai kế hoạch thu xu thế với đơn vị cảnh sát đang được bộ quốc phòng hỗ trợ những tình huống nhằm đối phó với tình trạng mất trật tự an ninh và buôn bán ma túy ở đây chính ủy đội chủ tiệm trong khu vực cho biết,0.5512820512820513,0.3944954128440367,8.338504314422607,0.44871794871794873,0.3211009174311927,4.45041298866272
VLSP2020_9_4_Online_Meeting_Poor_Mic.wav,18.55,cuối tháng hai vừa qua nhà chức trách tại khu vực này đã công khai kế hoạch bổ sung thêm những đơn vị cảnh sát đi bộ đi tuần trên những con phố có tỷ lệ tội phạm cao giống như a gai đây là một bước tiến mới nhằm đối phó với tình trạng mất trật tự an ninh và buôn bán ma túy tại đây chị như ý một chủ tiệm trong khu vực cho biết,cuối tháng hai vừa qua nhà chức trách tại khu vực này đã công khai kế hoạch bổ sung thêm những đơn vị cảnh sát đi bộ đi tuần trên những con phố có tỷ lệ tuổi pháp cao giống như ao gai,như tháng hai vừa qua nhà chức trách tại khu vực này đã công khai kế hoạch bổ sung thêm những đơn vị cảnh sát đi bộ kỹ tuần trên những con phố có tỷ lệ tội phạm cao giống như agai,0.48717948717948717,0.45871559633027525,8.026862621307373,0.5,0.46788990825688076,2.9105241298675537
VLSP2020_9_5_Fast_Speaker_Pacing_Around.wav,14.753375,cuối tháng hai vừa qua nhà chức trách tại khu vực này đã công khai kế hoạch bổ sung thêm những đơn vị cảnh sát đi bộ đi tuần trên những con phố có tỷ lệ tội phạm cao giống như a gai đây là một bước tiến mới nhằm đối phó với tình trạng mất trật tự an ninh và buôn bán ma túy tại đây chị như ý một chủ tiệm trong khu vực cho biết,cuối tháng này vừa qua nhà chức trách vẹn cụ này đã công khai kế hoạch bổ sung thêm những đơn vị cảnh sát đi bộ bí mật trên những con phố có tỷ lệ cỡ giá cao giống như đào đài lên ẩn với tiền vợi theo đối phó với tình trạng mất trật tự án hình và vua bán hoa túi thế này chính vì mức chung kém trong khu vực sẽ biết,quý khách hàng vừa qua nhà chức trách quận này đã công khai kế hoạch bổ sung thêm những đơn vị cảnh sát đi bộ bí mật trên những con phố có tỷ lệ vượt xã cao giống như hà giang lệ phí vượt biên giới nhà mới có vấn đề trả lãi trên dự án này và vừa hoàn thành túi tiền xử lý mỗi chục nghìn trong khu vực xe buýt,0.3974358974358974,0.2324159021406728,9.729827404022217,0.5512820512820513,0.3516819571865443,4.840407848358154
LSVSC_0_1_Hybrid_Interrupted_Meeting.wav,8.4825625,thưa các bạn để có thể nhanh chóng biết tin về toàn bộ tình hình xảy ra bô khâu ở trong phòng nhân viên đợi cờ rê mơ trở về,thủ phạm để có thể nhanh chóng biết tin về toàn bộ quyền hình sự ô tô ở trong ảo vệ biên giới không nên chở về,thuộc cả để có thể nhanh chóng biết tin về toàn bộ các hành chính ô tô ở trong làng đông yên đợi quân nhân phải chuẩn bị,0.5333333333333333,0.3821138211382114,4.79235577583313,0.5666666666666667,0.42276422764227645,1.7216382026672363
LSVSC_0_2_Large_Boardroom_Farfield.wav,8.4825625,thưa các bạn để có thể nhanh chóng biết tin về toàn bộ tình hình xảy ra bô khâu ở trong phòng nhân viên đợi cờ rê mơ trở về,sẽ có thể tiếp tục đưa tiền về phạt nội trợ cũng không hơn trong khoảng thời tiên đợi premier chở về,thứ ba bạn sẽ có những lựa chọn miễn phí về phần thưởng,0.8,0.5934959349593496,4.411992073059082,0.9,0.7479674796747967,1.1498563289642334
LSVSC_0_3_Crowded_Lively_Meeting.wav,8.4825625,thưa các bạn để có thể nhanh chóng biết tin về toàn bộ tình hình xảy ra bô khâu ở trong phòng nhân viên đợi cờ rê mơ trở về,thưa các bạn để có thể nhanh chóng rút thêm về toàn bộ tình hình thời trang bồ khâu ở là điều cần thiết để crimea trở về,thưa các bạn để có thể nhanh chóng bước lên về ba tòa đại học thời gian bồ câu ở nhà là để con được nuôi mơ chúa,0.43333333333333335,0.3170731707317073,5.192582607269287,0.6333333333333333,0.4796747967479675,1.7827293872833252
LSVSC_0_4_Online_Meeting_Poor_Mic.wav,8.4825625,thưa các bạn để có thể nhanh chóng biết tin về toàn bộ tình hình xảy ra bô khâu ở trong phòng nhân viên đợi cờ rê mơ trở về,thưa các bạn để có thể nhanh chóng biết tin về bô câu ở trong phòng nhân viên đợi crimea trở về,thưa các bạn để có thể nhanh chóng biết tin về bố câu ở trong phòng nhân viên đợi greg ngay trở về,0.3333333333333333,0.2682926829268293,4.255359888076782,0.36666666666666664,0.3008130081300813,1.9009928703308105
LSVSC_0_5_Fast_Speaker_Pacing_Around.wav,6.942625,thưa các bạn để có thể nhanh chóng biết tin về toàn bộ tình hình xảy ra bô khâu ở trong phòng nhân viên đợi cờ rê mơ trở về,đề thi căng thẳng hết thi về toàn bộ tiền lệnh xảy ra vụ câu ở trong phòng nhân viên đã quên phương trở về,thưa quý vị nếu có thể các cháu hãy tìm về toàn bộ kỷ niệm xảy ra ô tô ở trong phòng thêm thêm được,0.6,0.3983739837398374,4.8435258865356445,0.6333333333333333,0.4796747967479675,1.4901132583618164
LSVSC_1_1_Hybrid_Interrupted_Meeting.wav,2.55825,cờ rê mơ thông báo mọi điều cho bô khâu biết,có thể mơ thông báo mọi điều cho khâu biết,grimmert thông báo mọi điều chúng cô viết,0.2727272727272727,0.1590909090909091,2.2815370559692383,0.6363636363636364,0.38636363636363635,0.7192103862762451
LSVSC_1_2_Large_Boardroom_Farfield.wav,2.55825,cờ rê mơ thông báo mọi điều cho bô khâu biết,hãy mở thông báo mà tiêu chuẩn thực tiễn,có thể mở thông báo hoặc tiêu chuẩn của biến đổi,0.8181818181818182,0.45454545454545453,2.5532724857330322,0.8181818181818182,0.5454545454545454,1.0186195373535156
LSVSC_1_3_Crowded_Lively_Meeting.wav,2.55825,cờ rê mơ thông báo mọi điều cho bô khâu biết,cô này mơ thông báo mọi điều cho bầu khổ biết,cramer thông báo mọi điều cho bố cô biết,0.36363636363636365,0.18181818181818182,2.2907376289367676,0.45454545454545453,0.25,0.6779179573059082
LSVSC_1_4_Online_Meeting_Poor_Mic.wav,2.55825,cờ rê mơ thông báo mọi điều cho bô khâu biết,báo mọi người xin lỗi bóng,ngo zubwo zishobora kuba zirimo abanyarwanda bavuga ko zihabwa ibyo,0.8181818181818182,0.75,2.1461117267608643,1.0,1.2272727272727273,1.5800487995147705
LSVSC_1_5_Fast_Speaker_Pacing_Around.wav,1.828125,cờ rê mơ thông báo mọi điều cho bô khâu biết,các em hãy thú nhận và hiểu cho câu câu biến,cười vừa thu nám vào điều trâu câu viết,0.9090909090909091,0.5681818181818182,2.2310452461242676,0.9090909090909091,0.5454545454545454,0.9724197387695312
LSVSC_2_1_Hybrid_Interrupted_Meeting.wav,3.50075,anh muốn tìm đứa bé đang bị cất giấu đâu đó,anh muốn tìm đứa bé nhưng bị bất ngờ hơn,muốn tìm nước nhưng bị cất xuống đường,0.45454545454545453,0.32558139534883723,2.4523444175720215,0.6363636363636364,0.5348837209302325,0.8387939929962158
LSVSC_2_2_Large_Boardroom_Farfield.wav,3.50075,anh muốn tìm đứa bé đang bị cất giấu đâu đó,anh bố tìm đứa bé đang bị bất giấu đổ đỏ,anh muốn tìm đứa bé đang bị cất giấu đâu đó,0.36363636363636365,0.16279069767441862,2.4867403507232666,0.0,0.0,0.8487114906311035
LSVSC_2_3_Crowded_Lively_Meeting.wav,3.50075,anh muốn tìm đứa bé đang bị cất giấu đâu đó,cô muốn tìm đứa bé đang bị cất giấu đầu đỏ,tôi muốn tìm đứa bé đang bị cất giấu đâu đó,0.2727272727272727,0.11627906976744186,2.3014144897460938,0.09090909090909091,0.06976744186046512,0.8242049217224121
LSVSC_2_4_Online_Meeting_Poor_Mic.wav,3.50075,anh muốn tìm đứa bé đang bị cất giấu đâu đó,tôi muốn tìm đứa bé đang bị tai nạn,cái mối tình của lúc đó đang bị,0.45454545454545453,0.3488372093023256,2.5275986194610596,0.9090909090909091,0.6976744186046512,0.8259749412536621
LSVSC_2_5_Fast_Speaker_Pacing_Around.wav,2.5570625,anh muốn tìm đứa bé đang bị cất giấu đâu đó,anh muốn tìm đứa bé đang bị cất giấu đâu đó,anh có tìm được bé đang bị ướt rụng đâu đó,0.0,0.0,2.455766201019287,0.36363636363636365,0.3023255813953488,0.9167094230651855
LSVSC_3_1_Hybrid_Interrupted_Meeting.wav,3.50075,khắp các trại đã diễn ra các cuộc thảo luận bí mật,khắp các trại đã diễn ra cuộc thảo luận bí mật,khắp các trại đã diễn ra cuộc thảo luận bí mật,0.08333333333333333,0.08,2.4282472133636475,0.08333333333333333,0.08,0.8046302795410156
LSVSC_3_2_Large_Boardroom_Farfield.wav,3.50075,khắp các trại đã diễn ra các cuộc thảo luận bí mật,khắp cáp trại đã diễn ra các cuộc thảo luận bí mật,khắp các trại đã diễn ra các cuộc thả vận bí mật,0.08333333333333333,0.02,2.4423701763153076,0.16666666666666666,0.06,0.8508198261260986
LSVSC_3_3_Crowded_Lively_Meeting.wav,3.50075,khắp các trại đã diễn ra các cuộc thảo luận bí mật,khắp các trại đã diễn ra các cuộc thảo luận bí mật,khắp các trại đã diễn ra các cuộc thảo luận bí mật,0.0,0.0,2.56805157661438,0.0,0.0,1.0854566097259521
LSVSC_3_4_Online_Meeting_Poor_Mic.wav,3.50075,khắp các trại đã diễn ra các cuộc thảo luận bí mật,khắp các nước đã diễn ra các vụ thảo luận bí mật,khắp các tỉnh đã diễn ra các cuộc thảo luận bí mật,0.16666666666666666,0.16,2.4535298347473145,0.08333333333333333,0.06,0.8046250343322754
LSVSC_3_5_Fast_Speaker_Pacing_Around.wav,2.602375,khắp các trại đã diễn ra các cuộc thảo luận bí mật,qua phát triển đã diễn ra vài vụ thảm ở bí mật,thao tác trạng đã diễn ra các cuộc thảo luận bí mật,0.5833333333333334,0.44,2.478213310241699,0.25,0.12,0.8182969093322754
LSVSC_4_1_Hybrid_Interrupted_Meeting.wav,5.38575,các liên lạc viên của bộ máy đem chỉ thị cho những người phụ trách các nhóm kháng chiến,các liên lạc viên của bộ máy đen trà thì cho nó nổi bật trước khi khóc nhóc,các liên lạc viên của bộ máy đang nói gì cho nó bình luận trước khi tắt sóng,0.5789473684210527,0.3563218390804598,3.0761563777923584,0.5789473684210527,0.47126436781609193,1.311617374420166
LSVSC_4_2_Large_Boardroom_Farfield.wav,5.38575,các liên lạc viên của bộ máy đem chỉ thị cho những người phụ trách các nhóm kháng chiến,các liên lạc viên của bộ máy đen chỉ thủy cho những người phụ nát trong họ khách,các biên lập viên của bộ máy tên chỉ thị cho những người phụ nữ có kế hoạch,0.3684210526315789,0.2413793103448276,3.840383529663086,0.42105263157894735,0.28735632183908044,1.0461604595184326
LSVSC_4_3_Crowded_Lively_Meeting.wav,5.38575,các liên lạc viên của bộ máy đem chỉ thị cho những người phụ trách các nhóm kháng chiến,các liên lạc viên của bộ máy đen chỉ thị cho những tổ chức các nhóm kháng chiến,cái lạc biên của bộ máy đen chỉ thị cho những người tuổi chín đang lo kháng chiến,0.21052631578947367,0.14942528735632185,3.9070026874542236,0.42105263157894735,0.26436781609195403,1.146270990371704
LSVSC_4_4_Online_Meeting_Poor_Mic.wav,5.38575,các liên lạc viên của bộ máy đem chỉ thị cho những người phụ trách các nhóm kháng chiến,căn đi lạc viên chỉ thị cho những người phụ trách các nhà kháng chiến,các liên lạc viên chỉ thị cho những người phụ trách các nơi kháng chiến,0.3684210526315789,0.25287356321839083,2.725611448287964,0.2631578947368421,0.20689655172413793,1.2382793426513672
LSVSC_4_5_Fast_Speaker_Pacing_Around.wav,4.132375,các liên lạc viên của bộ máy đem chỉ thị cho những người phụ trách các nhóm kháng chiến,các liên lạc viên của bộ máy đang chỉ thị cho những người phụ trách cam go kháng chiến,các liên lạc viên của bộ máy đen chỉ thị cho những người phụ trách các nhóm kháng chiến,0.15789473684210525,0.10344827586206896,3.0990171432495117,0.05263157894736842,0.011494252873563218,1.0993881225585938
LSVSC_5_1_Hybrid_Interrupted_Meeting.wav,4.0393125,một số đồng chí trong các nhóm sẽ đi với chuyến tù,một số đồng chí nội thất sẽ đi về vị trí cửa,một số đồng chí sẽ đi vào một phiên thủ,0.5833333333333334,0.44,2.4388937950134277,0.5833333333333334,0.54,0.724837064743042
LSVSC_5_2_Large_Boardroom_Farfield.wav,4.0393125,một số đồng chí trong các nhóm sẽ đi với chuyến tù,một ngõ đọc nhất trong ca đoan này là khi nhiều mối tình lớn có thể,この音が 危険なのかな,1.1666666666666667,0.8,2.971728801727295,1.0,0.98,0.8385939598083496
LSVSC_5_3_Crowded_Lively_Meeting.wav,4.0393125,một số đồng chí trong các nhóm sẽ đi với chuyến tù,một số đồng chí trong các nhóm sẽ đi với chuyến tử,một số đồng chí trong các nhóm sẽ đi với chuyến tù,0.08333333333333333,0.02,2.4017810821533203,0.0,0.0,0.8106541633605957
LSVSC_5_4_Online_Meeting_Poor_Mic.wav,4.0393125,một số đồng chí trong các nhóm sẽ đi với chuyến tù,một số đồng chí trong phim sẽ đi với truyền thống,một số đồng chí trong sẽ đi với chuyến tù,0.3333333333333333,0.26,2.3785789012908936,0.16666666666666666,0.18,0.7377309799194336
LSVSC_5_5_Fast_Speaker_Pacing_Around.wav,2.8051875,một số đồng chí trong các nhóm sẽ đi với chuyến tù,một số đồng chí phát huống sẽ đi vượt chuyện tổn,một số đồng chí giáp múa sẽ đi với chuyện tù,0.5,0.36,2.3276331424713135,0.3333333333333333,0.24,0.8469696044921875
LSVSC_6_1_Hybrid_Interrupted_Meeting.wav,5.38575,đó là những người tình nguyện họ bàn bạc đem theo vũ khí cất giấu trong người,đó là những người tình nguyện họ hoàn toàn thích chung,đó là những người tình nguyện họ bàn tán,0.5882352941176471,0.4155844155844156,2.5604846477508545,0.5294117647058824,0.4935064935064935,0.9782979488372803
LSVSC_6_2_Large_Boardroom_Farfield.wav,5.38575,đó là những người tình nguyện họ bàn bạc đem theo vũ khí cất giấu trong người,việt nam quan trọng thì xây dựng chưa đồng hồn điều chỉnh giá trị và nông thôn cải cách mỹ trên sân thượng,nampaknya,1.3529411764705883,0.987012987012987,3.7791152000427246,1.0,0.948051948051948,0.45914483070373535
LSVSC_6_3_Crowded_Lively_Meeting.wav,5.38575,đó là những người tình nguyện họ bàn bạc đem theo vũ khí cất giấu trong người,đó là những người tình nguyện họ bàn bạc đem theo vũ khí cất giấu trong người,đó là những người tình nguyện họ bàn bạc đem theo vũ khí cất giấu trong người,0.0,0.0,3.1034793853759766,0.0,0.0,1.2466254234313965
LSVSC_6_4_Online_Meeting_Poor_Mic.wav,5.38575,đó là những người tình nguyện họ bàn bạc đem theo vũ khí cất giấu trong người,đó là những họ bằng bàn đem theo vũ khí cướp xuống chân người,đó là những họ bàn bạc do các cụ thể đã sống trong đời,0.47058823529411764,0.42857142857142855,2.797590732574463,0.5882352941176471,0.5064935064935064,1.1646902561187744
LSVSC_6_5_Fast_Speaker_Pacing_Around.wav,3.88875,đó là những người tình nguyện họ bàn bạc đem theo vũ khí cất giấu trong người,lão đánh gửi tiền miệng họ hàng hạt đem theo vũ khí phát số trong người,đó là những người tiền nguyện họ đảm bảo đem theo ngũ khí cất dấu cho người,0.5882352941176471,0.4025974025974026,3.0437135696411133,0.35294117647058826,0.2077922077922078,1.1986362934112549
LSVSC_7_1_Hybrid_Interrupted_Meeting.wav,5.520375,họ phải làm thế nào khử những tên lính gác ở trên đường và giải thoát cho chuyến tù,họ phải làm thích thảo khử những tên lính đã bắt tên được và giành chiến thắng cổ,họ phải làm thế nào để hưởng những tên lính gác lên đường và giải quyết vấn đề,0.5789473684210527,0.39759036144578314,4.091639280319214,0.42105263157894735,0.3132530120481928,1.124176263809204
LSVSC_7_2_Large_Boardroom_Farfield.wav,5.520375,họ phải làm thế nào khử những tên lính gác ở trên đường và giải thoát cho chuyến tù,họ phải làm thế nào khử những tên lính kép ở trên đường và giải thoát cho chiến tủ,họ phải làm thế nào khử những tên lính khác ở trên đường và giải thoát cho chiến tù,0.15789473684210525,0.07228915662650602,3.971348762512207,0.10526315789473684,0.04819277108433735,1.454014778137207
LSVSC_7_3_Crowded_Lively_Meeting.wav,5.520375,họ phải làm thế nào khử những tên lính gác ở trên đường và giải thoát cho chuyến tù,họ phải làm thế nào khử những tên lính khác ở trên đường và giải thoát cho chuyến tử,họ phải làm thế nào để khử những tên lính khác ở trên đường và giải thoát cho chuyến tù,0.10526315789473684,0.03614457831325301,3.7992911338806152,0.10526315789473684,0.060240963855421686,1.2499067783355713
LSVSC_7_4_Online_Meeting_Poor_Mic.wav,5.520375,họ phải làm thế nào khử những tên lính gác ở trên đường và giải thoát cho chuyến tù,họ không thể nào cử những tên lí giác ở trên đường và giải thoát cho khiếm tử,họ cử những tên lính gác ở trên đường và giải thoát cho phiến tử,0.42105263157894735,0.21686746987951808,3.8823187351226807,0.3684210526315789,0.27710843373493976,2.575493335723877
LSVSC_7_5_Fast_Speaker_Pacing_Around.wav,4.364125,họ phải làm thế nào khử những tên lính gác ở trên đường và giải thoát cho chuyến tù,họ thèm mạnh để tham khảo những tên hư khác của giáo dục và giải thoát cho truyền thống,họ phải mang tên là cửu nhiên tê tuyệt đắc ở trên đường và giải thoát cho chúa vụ,0.631578947368421,0.4939759036144578,3.679497718811035,0.5263157894736842,0.3373493975903614,1.428267478942871
LSVSC_8_1_Hybrid_Interrupted_Meeting.wav,3.366125,không có đủ thì giờ để triệu tập i e lờ ca,không có đủ thì giờ,không có đủ thì giờ,0.5833333333333334,0.5476190476190477,1.8809256553649902,0.5833333333333334,0.5476190476190477,0.4493870735168457
LSVSC_8_2_Large_Boardroom_Farfield.wav,3.366125,không có đủ thì giờ để triệu tập i e lờ ca,không có đủ thì giờ để triệu tập in ấn cát,không có đủ thì giờ để triệu tập y e lận cả,0.3333333333333333,0.14285714285714285,2.390629291534424,0.25,0.09523809523809523,1.083437204360962
LSVSC_8_3_Crowded_Lively_Meeting.wav,3.366125,không có đủ thì giờ để triệu tập i e lờ ca,không có đủ thì giờ để triệu tập i là ca,không có đủ thì giờ để triệu tập yhe lần ca,0.16666666666666666,0.07142857142857142,2.5322630405426025,0.25,0.09523809523809523,0.759026288986206
LSVSC_8_4_Online_Meeting_Poor_Mic.wav,3.366125,không có đủ thì giờ để triệu tập i e lờ ca,không có buổi thị trường để triệu tập i nờ ca,không có người tin tưởng để phụ tùng ian ở ca,0.4166666666666667,0.30952380952380953,2.3828647136688232,0.6666666666666666,0.5714285714285714,0.7614688873291016
LSVSC_8_5_Fast_Speaker_Pacing_Around.wav,2.3263125,không có đủ thì giờ để triệu tập i e lờ ca,các công cụ bây giờ bị triệu tập thi hẳn hàng,không đủ bao giờ để chịu ngạc nhiên ở ngay,0.75,0.5714285714285714,2.4416942596435547,0.6666666666666666,0.5476190476190477,0.7318944931030273
LSVSC_9_1_Hybrid_Interrupted_Meeting.wav,2.2889375,các nhóm kháng chiến sôi sục cả lên,thức nó phải xuất hiện ngay lập tức,cest un arbre qui se déroule,1.0,0.8,2.1798095703125,1.0,0.7714285714285715,0.8739457130432129
LSVSC_9_2_Large_Boardroom_Farfield.wav,2.2889375,các nhóm kháng chiến sôi sục cả lên,các nhóm kháng chiến sôi sục cải lên,các nhóm kháng chiến xô dụ cả lít,0.125,0.02857142857142857,2.1537773609161377,0.375,0.17142857142857143,0.697096586227417
LSVSC_9_3_Crowded_Lively_Meeting.wav,2.2889375,các nhóm kháng chiến sôi sục cả lên,các nhóm bạn chưa thực hiện được,여보 저 없어요,0.75,0.6,2.066521644592285,1.0,0.9428571428571428,0.48278117179870605
LSVSC_9_4_Online_Meeting_Poor_Mic.wav,2.2889375,các nhóm kháng chiến sôi sục cả lên,đàm thanh trí sơ sửng cách mạng,tá an fadín thur duadh an,1.0,0.7428571428571429,2.340825080871582,1.0,0.7714285714285715,0.7309632301330566
LSVSC_9_5_Fast_Speaker_Pacing_Around.wav,1.6719375,các nhóm kháng chiến sôi sục cả lên,hai loạt pha chỉ xô xử cả hai miếng,chính phủ xử phạt liên,1.0,0.7714285714285715,2.1923885345458984,1.0,0.7142857142857143,0.4950735569000244
BUD500_0_1_Hybrid_Interrupted_Meeting.wav,2.1825,thế mà hôm nay lại nghe em gái nhắc đến,mẹ nên lắng nghe em nói rất là nhiều,mình liên lạc ngay em bạn rất là,0.9,0.6923076923076923,1.8849952220916748,0.9,0.6410256410256411,0.979844331741333
BUD500_0_2_Large_Boardroom_Farfield.wav,2.1825,thế mà hôm nay lại nghe em gái nhắc đến,thế mà hôm nay lại nghe em gái hát đến,thưa mọi hôm nay lại nghe em gái nhắc đến,0.1,0.07692307692307693,2.183638334274292,0.2,0.10256410256410256,0.8364455699920654
BUD500_0_3_Crowded_Lively_Meeting.wav,2.1825,thế mà hôm nay lại nghe em gái nhắc đến,thêm vào hôm nay lại nghe em gái nhất định,theo bảo hương ra lệnh nghe em gái ngất liền,0.4,0.20512820512820512,2.0354270935058594,0.7,0.5128205128205128,0.8248538970947266
BUD500_0_4_Online_Meeting_Poor_Mic.wav,2.1825,thế mà hôm nay lại nghe em gái nhắc đến,theo nội dung hai em gái nhất định hướng,em gái nó thiệt,0.9,0.6923076923076923,2.136639356613159,0.8,0.7948717948717948,0.40786170959472656
BUD500_0_5_Fast_Speaker_Pacing_Around.wav,1.5070625,thế mà hôm nay lại nghe em gái nhắc đến,thế mỗi người lựa chọn,và tiếp tục quay lại ngay ở bảng thiết bị,0.9,0.6666666666666666,1.8427438735961914,0.9,0.6923076923076923,1.0052690505981445
BUD500_1_1_Hybrid_Interrupted_Meeting.wav,2.2800625,các vấn đề y học chuyên khoa hoặc ứng,các vấn đề y học chuyên khoa hoặc ứng,các vấn đề y học chuyên khoa hoặc ứng dụng,0.0,0.0,2.067011594772339,0.1111111111111111,0.13513513513513514,0.7459452152252197
BUD500_1_2_Large_Boardroom_Farfield.wav,2.2800625,các vấn đề y học chuyên khoa hoặc ứng,các vấn đề do học sinh qua sạch tính,các vấn đề y học chuyên khoa hoặc tính,0.5555555555555556,0.4864864864864865,2.1252501010894775,0.1111111111111111,0.08108108108108109,0.7017691135406494
BUD500_1_3_Crowded_Lively_Meeting.wav,2.2800625,các vấn đề y học chuyên khoa hoặc ứng,các vấn đề y học chuyên khoa phản ứng,các vấn đề y học chuyên khoa hoặc ứng dụng,0.1111111111111111,0.10810810810810811,2.02347731590271,0.1111111111111111,0.13513513513513514,0.7531075477600098
BUD500_1_4_Online_Meeting_Poor_Mic.wav,2.2800625,các vấn đề y học chuyên khoa hoặc ứng,các vấn đề thường xuyên qua hoạt tương,các vấn đề chuyên khoa hoặc tương,0.6666666666666666,0.43243243243243246,2.161763906478882,0.3333333333333333,0.24324324324324326,0.7919833660125732
BUD500_1_5_Fast_Speaker_Pacing_Around.wav,1.6370625,các vấn đề y học chuyên khoa hoặc ứng,các đồng chí y học vừa qua,các vấn đề y học chuyên khoa,0.6666666666666666,0.6486486486486487,1.9544265270233154,0.2222222222222222,0.24324324324324326,0.630361795425415
BUD500_2_1_Hybrid_Interrupted_Meeting.wav,1.440125,không được về nhà ăn tết thì là năm nay,không được vị trí ăn tết chỉ là năm nay,không được về trang tết thì là năm nay,0.3,0.15384615384615385,1.9721672534942627,0.2,0.15384615384615385,0.6918957233428955
BUD500_2_2_Large_Boardroom_Farfield.wav,1.440125,không được về nhà ăn tết thì là năm nay,thủ tục liên hệ hạn chế triển lãm ảo này,việc điều hành thuế chỉ là năm nay,1.0,0.6923076923076923,2.3592636585235596,0.7,0.48717948717948717,0.6548831462860107
BUD500_2_3_Crowded_Lively_Meeting.wav,1.440125,không được về nhà ăn tết thì là năm nay,được viết,,0.9,0.7948717948717948,1.4775710105895996,1.0,1.0,0.2589435577392578
BUD500_2_4_Online_Meeting_Poor_Mic.wav,1.440125,không được về nhà ăn tết thì là năm nay,năm nay,được việc xét chỉ là năm nay,0.8,0.8205128205128205,1.8901827335357666,0.6,0.46153846153846156,0.815021276473999
BUD500_2_5_Fast_Speaker_Pacing_Around.wav,1.062875,không được về nhà ăn tết thì là năm nay,thử đề án này thì đề án này,được cái gắn này,0.9,0.5897435897435898,2.007387161254883,0.9,0.7435897435897436,0.4402179718017578
BUD500_3_1_Hybrid_Interrupted_Meeting.wav,2.2608125,lại hai bên nên cũng oải lắm nhưng vẫn,viên đê vũ hoài linh,bên đền úc hoài đang đi thi đấu,1.0,0.6578947368421053,1.9793388843536377,1.0,0.7368421052631579,0.7795462608337402
BUD500_3_2_Large_Boardroom_Farfield.wav,2.2608125,lại hai bên nên cũng oải lắm nhưng vẫn,cả hai bên chỉ nên kết hợp ngay khi,hai bên đều có khoảng,0.7777777777777778,0.5789473684210527,2.0780210494995117,0.7777777777777778,0.631578947368421,0.5170223712921143
BUD500_3_3_Crowded_Lively_Meeting.wav,2.2608125,lại hai bên nên cũng oải lắm nhưng vẫn,tại hai bên nên cũng phải lắp thu vật,hai bên nên cũng phải lắc như vậy,0.5555555555555556,0.2631578947368421,1.9765989780426025,0.5555555555555556,0.2894736842105263,0.8264608383178711
BUD500_3_4_Online_Meeting_Poor_Mic.wav,2.2608125,lại hai bên nên cũng oải lắm nhưng vẫn,tại hai bên nên u hoài vẫn,hai bên bên cũng phải,0.5555555555555556,0.4473684210526316,1.9400956630706787,0.6666666666666666,0.5526315789473685,0.7081084251403809
BUD500_3_5_Fast_Speaker_Pacing_Around.wav,1.6451875,lại hai bên nên cũng oải lắm nhưng vẫn,nên cũng phải lắp ngứa,hay lên cũng vài năm rồi,0.7777777777777778,0.5789473684210527,2.0755393505096436,0.8888888888888888,0.6052631578947368,0.46877026557922363
BUD500_4_1_Hybrid_Interrupted_Meeting.wav,2.240625,ai cho phép em uống nhiều rượu như vậy,anh không uống nhiều thuốc hải,ai cũng có một mối mỉa tuyệt vời,0.7777777777777778,0.5263157894736842,1.8829495906829834,0.8888888888888888,0.7105263157894737,0.6501374244689941
BUD500_4_2_Large_Boardroom_Farfield.wav,2.240625,ai cho phép em uống nhiều rượu như vậy,ai cho phép ông uống nhiều rượu như vậy,oh the heart and body of the,0.1111111111111111,0.07894736842105263,2.073876142501831,1.0,0.7368421052631579,0.5703659057617188
BUD500_4_3_Crowded_Lively_Meeting.wav,2.240625,ai cho phép em uống nhiều rượu như vậy,ai cho phép em uống nhiều rượu như vậy,ai trong các em uống nhiều rượu như vậy,0.0,0.0,2.0145604610443115,0.2222222222222222,0.21052631578947367,0.7959065437316895
BUD500_4_4_Online_Meeting_Poor_Mic.wav,2.240625,ai cho phép em uống nhiều rượu như vậy,ai cho phép em uống nhiều rượu như vậy,ai cho phép em uống nhiều rượu như vậy,0.0,0.0,2.0976979732513428,0.0,0.0,0.627861499786377
BUD500_4_5_Fast_Speaker_Pacing_Around.wav,1.7255625,ai cho phép em uống nhiều rượu như vậy,ai xin hỏi anh muốn ngựa sẽ không hẳn,ai xem hết em cũng hiểu xem như là,0.8888888888888888,0.6842105263157895,2.021568536758423,0.6666666666666666,0.4473684210526316,0.7453994750976562
BUD500_5_1_Hybrid_Interrupted_Meeting.wav,2.2616875,mẹ xem mẹ tôi chỉ động viên rồi dặn dò,mẹ xem mẹ tôi chỉ biết cố gắng học giỏi,mẹ xem mẹ tôi chỉ duyên được,0.5,0.5,2.1880321502685547,0.5,0.4473684210526316,0.7064251899719238
BUD500_5_2_Large_Boardroom_Farfield.wav,2.2616875,mẹ xem mẹ tôi chỉ động viên rồi dặn dò,mẹ xem mẹ tôi chỉ thấu thấu sự sẵn sàng,mẹ xem mẹ tôi chỉ được bao nhiêu tuổi sản phẩm,0.5,0.4473684210526316,2.5280067920684814,0.6,0.5,1.1211144924163818
BUD500_5_3_Crowded_Lively_Meeting.wav,2.2616875,mẹ xem mẹ tôi chỉ động viên rồi dặn dò,mẹ xem mẹ tôi chỉ động viên để dặn dò,mẹ xem mẹ tôi chỉ động viên rồi dặn dò,0.1,0.07894736842105263,2.2681281566619873,0.0,0.0,0.9150311946868896
BUD500_5_4_Online_Meeting_Poor_Mic.wav,2.2616875,mẹ xem mẹ tôi chỉ động viên rồi dặn dò,mẹ xem tôi chỉ động viên để dặn dò,mẹ xem tôi chỉ động viên rồi giảng d,0.2,0.15789473684210525,2.13543963432312,0.3,0.21052631578947367,0.7144241333007812
BUD500_5_5_Fast_Speaker_Pacing_Around.wav,1.56625,mẹ xem mẹ tôi chỉ động viên rồi dặn dò,được chỉ đạo viên,mẹ xem mẹ cho chị động viên rồi sẵn sàng,0.8,0.7105263157894737,2.375131130218506,0.4,0.2631578947368421,0.8275775909423828
BUD500_6_1_Hybrid_Interrupted_Meeting.wav,2.0401875,nó sẽ đem lại cho con hạnh phúc mãi mãi,nó sẽ đem lại cho con hạnh phúc mãi mãi,nó sẽ đem lại cho con hạnh phúc ngoại thuận,0.0,0.0,2.116729259490967,0.2,0.23076923076923078,0.9490389823913574
BUD500_6_2_Large_Boardroom_Farfield.wav,2.0401875,nó sẽ đem lại cho con hạnh phúc mãi mãi,đó sẽ đem lại cho con hạnh phúc mãi mãi,đó sẽ đem lại cho con hạnh phúc mãi mãi,0.1,0.02564102564102564,2.2786991596221924,0.1,0.02564102564102564,0.721808671951294
BUD500_6_3_Crowded_Lively_Meeting.wav,2.0401875,nó sẽ đem lại cho con hạnh phúc mãi mãi,nó sẽ đem lại cho con hạnh phúc mãi mãi,nó sẽ đem lại cho con hạnh phúc mãi mãi,0.0,0.0,2.076507329940796,0.0,0.0,0.7143630981445312
BUD500_6_4_Online_Meeting_Poor_Mic.wav,2.0401875,nó sẽ đem lại cho con hạnh phúc mãi mãi,nó sẽ bơm lại cho con hẹn mãi mãi,đó sẽ bao la cho con hạnh phúc mãi mãi,0.3,0.23076923076923078,2.0732760429382324,0.3,0.15384615384615385,0.7211096286773682
BUD500_6_5_Fast_Speaker_Pacing_Around.wav,1.4319375,nó sẽ đem lại cho con hạnh phúc mãi mãi,đón tin bài trung hoa ngày phú mạnh,đó sẽ khiến bạn chưa ngon hạnh phúc thoải mái,1.0,0.6923076923076923,2.075803756713867,0.7,0.4358974358974359,1.0574867725372314
BUD500_7_1_Hybrid_Interrupted_Meeting.wav,2.88175,đàn ông là thế chơi với nhau thân thiết,đàn ông và chị chơi với nhau thân thiết,cháu đã ở thế chả cho nhau thân thiết,0.2222222222222222,0.07692307692307693,2.615628242492676,0.5555555555555556,0.358974358974359,0.8227453231811523
BUD500_7_2_Large_Boardroom_Farfield.wav,2.88175,đàn ông là thế chơi với nhau thân thiết,đàn ông là thứ chơi với nhau thân thiết,đàn ông là thế chơi với nhau thân thiết,0.1111111111111111,0.02564102564102564,2.277439594268799,0.0,0.0,0.7557845115661621
BUD500_7_3_Crowded_Lively_Meeting.wav,2.88175,đàn ông là thế chơi với nhau thân thiết,đàn ông là thế chơi với nhau thân thiết,đàn ông là thế chơi với nhau thêm tiếc,0.0,0.0,2.289119005203247,0.2222222222222222,0.10256410256410256,0.7735931873321533
BUD500_7_4_Online_Meeting_Poor_Mic.wav,2.88175,đàn ông là thế chơi với nhau thân thiết,đàn ông ấy cho với nhau thân thiết,là đâu cho tôi nghe thân thiết,0.3333333333333333,0.20512820512820512,2.1790852546691895,0.6666666666666666,0.46153846153846156,0.8041660785675049
BUD500_7_5_Fast_Speaker_Pacing_Around.wav,2.237125,đàn ông là thế chơi với nhau thân thiết,đàn ông là thế chẳng bao thân thiết,là đâu là phí chưa biết bao thân thiết,0.3333333333333333,0.23076923076923078,2.496764659881592,0.6666666666666666,0.41025641025641024,0.7965645790100098
BUD500_8_1_Hybrid_Interrupted_Meeting.wav,1.8611875,mà các bạn để máy ở một vị trí rất là cố,những mà các,mà các bạn,0.9166666666666666,0.875,1.4813449382781982,0.75,0.75,0.3838632106781006
BUD500_8_2_Large_Boardroom_Farfield.wav,1.8611875,mà các bạn để máy ở một vị trí rất là cố,có thường,아 그렇습니까,1.0,0.925,1.8281893730163574,1.0,0.975,0.4270179271697998
BUD500_8_3_Crowded_Lively_Meeting.wav,1.8611875,mà các bạn để máy ở một vị trí rất là cố,mà các bạn để máy ở một vị trí rất là cố,mà các bạn để máy ở một vị trí rất là cố,0.0,0.0,2.131544589996338,0.0,0.0,0.7802689075469971
BUD500_8_4_Online_Meeting_Poor_Mic.wav,1.8611875,mà các bạn để máy ở một vị trí rất là cố,ở một vị trí,là các bạn để máy ở một vị trí,0.6666666666666666,0.7,2.00673508644104,0.3333333333333333,0.275,0.8572492599487305
BUD500_8_5_Fast_Speaker_Pacing_Around.wav,1.2915,mà các bạn để máy ở một vị trí rất là cố,những bài tháng này,mà cái máy không ghi là vô,1.0,0.85,1.7734301090240479,0.75,0.625,0.6144564151763916
BUD500_9_1_Hybrid_Interrupted_Meeting.wav,2.9215,mới rồi em gặp mẹ con kiều liên ở chợ,với số gặp mẹ con kiều duyên ở chợ,một người đàn mẹ con kiều viêm ở chợ,0.4,0.2702702702702703,2.0784153938293457,0.5,0.35135135135135137,0.7396359443664551
BUD500_9_2_Large_Boardroom_Farfield.wav,2.9215,mới rồi em gặp mẹ con kiều liên ở chợ,mới rồi em gặp mẹ con kiều tiên ở chợ,với rồi em gặp mẹ con kiều liên ở chợ,0.1,0.02702702702702703,2.1315085887908936,0.1,0.02702702702702703,0.7769815921783447
BUD500_9_3_Crowded_Lively_Meeting.wav,2.9215,mới rồi em gặp mẹ con kiều liên ở chợ,với rồi em gặp mẹ con kiều liên ở chợ,với rồi em gặp mẹ con kiều liên ở chợ,0.1,0.02702702702702703,2.208451747894287,0.1,0.02702702702702703,1.0235106945037842
BUD500_9_4_Online_Meeting_Poor_Mic.wav,2.9215,mới rồi em gặp mẹ con kiều liên ở chợ,nãy giờ em gặp mẹ con tìm viên ở chợ,em gặp mẹ con tiểu biên ở chợ,0.4,0.2972972972972973,2.3408544063568115,0.4,0.2972972972972973,0.621859073638916
BUD500_9_5_Fast_Speaker_Pacing_Around.wav,2.022875,mới rồi em gặp mẹ con kiều liên ở chợ,vừa rồi em là mẹ con nhiều tin tưởng,người xôi hay là mẹ con nhiều yêu thương cho,0.6,0.40540540540540543,2.1724817752838135,0.8,0.6486486486486487,0.7347395420074463
